{"humaneval_WizardCoder-3B-awq_4_bit.jsonl": [0.0, 0.0], "humaneval_CodeLlama-7B-AWQ_4_bit.jsonl": [0.06707317073170732, 0.07926829268292683], "humaneval_starcoder2-7b.jsonl": [0.006097560975609756, 0.006097560975609756], "humaneval_WizardCoder-3B-awq_8_bit.jsonl": [0.0, 0.0], "humaneval_Mistral-7B-Instruct-v0.2.jsonl": [0.0, 0.0], "humaneval_Mistral-7B-Instruct-v0.1-AWQ_8_bit.jsonl": [0.1402439024390244, 0.18292682926829268], "humaneval_CodeLlama-7B-AWQ_8_bit.jsonl": [0.03048780487804878, 0.054878048780487805], "humaneval_WizardCoder-3B-V1.0.jsonl": [0.024390243902439025, 0.024390243902439025], "humaneval_CodeLlama-7b-hf.jsonl": [0.0, 0.0], "humaneval_Mistral-7B-Instruct-v0.1-AWQ_4_bit.jsonl": [0.1402439024390244, 0.18292682926829268], "mbpp_CodeLlama-7b-hf.jsonl": [0.0, 0.0], "mbpp_WizardCoder-3B-awq_4_bit.jsonl": [0.0, 0.0], "mbpp_Mistral-7B-Instruct-v0.1-AWQ_4_bit.jsonl": [0.3433583959899749, 0.42355889724310775], "mbpp_starcoder2-7b.jsonl": [0.012531328320802004, 0.012531328320802004], "mbpp_Mistral-7B-Instruct-v0.2.jsonl": [0.0, 0.0], "mbpp_WizardCoder-3B-awq_8_bit.jsonl": [0.0, 0.0], "mbpp_WizardCoder-3B-V1.0.jsonl": [0.12030075187969924, 0.16040100250626566], "mbpp_CodeLlama-7B-AWQ_8_bit.jsonl": [0.11278195488721804, 0.13533834586466165], "mbpp_Mistral-7B-Instruct-v0.1-AWQ_8_bit.jsonl": [0.3508771929824561, 0.43107769423558895], "mbpp_CodeLlama-7B-AWQ_4_bit.jsonl": [0.12030075187969924, 0.15037593984962405]}