{"WizardCoder 3B": {"humaneval": {"4 bit": 0.0, "8 bit": 0.0, "unquantized": 0.024390243902439025}, "mbpp": {"4 bit": 0.0, "8 bit": 0.0, "unquantized": 0.16040100250626566}}, "CodeLlama 7B": {"humaneval": {"4 bit": 0.07926829268292683, "8 bit": 0.054878048780487805, "unquantized": 0.0}, "mbpp": {"unquantized": 0.0, "8 bit": 0.13533834586466165, "4 bit": 0.15037593984962405}}, "starcoder2 7b": {"humaneval": {"unquantized": 0.006097560975609756}, "mbpp": {"unquantized": 0.012531328320802004}}, "Mistral 7B Instruct": {"humaneval": {"unquantized": 0.0, "8 bit": 0.18292682926829268, "4 bit": 0.18292682926829268}, "mbpp": {"4 bit": 0.42355889724310775, "unquantized": 0.0, "8 bit": 0.43107769423558895}}}