{"WizardCoder 3B": {"humaneval": {"4 bit": 0.0, "8 bit": 0.0, "unquantized": 0.024390243902439025}, "mbpp": {"4 bit": 0.0, "8 bit": 0.0, "unquantized": 0.12030075187969924}}, "CodeLlama 7B": {"humaneval": {"4 bit": 0.06707317073170732, "8 bit": 0.03048780487804878, "unquantized": 0.0}, "mbpp": {"unquantized": 0.0, "8 bit": 0.11278195488721804, "4 bit": 0.12030075187969924}}, "starcoder2 7b": {"humaneval": {"unquantized": 0.006097560975609756}, "mbpp": {"unquantized": 0.012531328320802004}}, "Mistral 7B Instruct": {"humaneval": {"unquantized": 0.0, "8 bit": 0.1402439024390244, "4 bit": 0.1402439024390244}, "mbpp": {"4 bit": 0.3433583959899749, "unquantized": 0.0, "8 bit": 0.3508771929824561}}}