{"CodeLlama 7B": {"HumanEval": {"4 bit": 0.054878048780487805, "8 bit": 0.036585365853658534, "unquantized": 0.06097560975609756}, "MBPP": {"4 bit": 0.13784461152882205, "8 bit": 0.13032581453634084, "unquantized": 0.14285714285714285}}, "Mistral 7B Instruct": {"HumanEval": {"4 bit": 0.18902439024390244, "8 bit": 0.18902439024390244, "unquantized": 0.3048780487804878}, "MBPP": {"4 bit": 0.41604010025062654, "8 bit": 0.42606516290726815, "unquantized": 0.3358395989974937}}, "WizardCoder Python 7B": {"HumanEval": {"4 bit": 0.23170731707317074, "8 bit": 0.22560975609756098, "unquantized": 0.3048780487804878}, "MBPP": {"4 bit": 0.3082706766917293, "8 bit": 0.3007518796992481, "unquantized": 0.3383458646616541}}, "starcoder2 7b": {"HumanEval": {"4 bit": 0.012195121951219513, "8 bit": 0.0, "unquantized": 0.006097560975609756}, "MBPP": {"4 bit": 0.012531328320802004, "8 bit": 0.010025062656641603, "unquantized": 0.017543859649122806}}}