{"CodeLlama 7B": {"humaneval": {"4 bit": 0.24261912180409254, "8 bit": 0.24333321648453438, "unquantized": 0.25253670444561727}, "mbpp": {"4 bit": 0.23899417273318224, "8 bit": 0.24449711422320825, "unquantized": 0.2447889125530877}}, "Mistral 7B Instruct": {"humaneval": {"4 bit": 0.24536127903577554, "8 bit": 0.25194188047132654, "unquantized": 0.2633046600509953}, "mbpp": {"4 bit": 0.2124719286492397, "8 bit": 0.21411256278017293, "unquantized": 0.24498915633288407}}, "WizardCoder 3B": {"humaneval": {"unquantized": 0.18485346813381182, "4 bit": 0.02305578142326642, "8 bit": 0.02305578142326642}, "mbpp": {"unquantized": 0.23612550469529303, "4 bit": 0.2510255244545915, "8 bit": 0.2510255244545915}}, "starcoder2 7b": {"humaneval": {"unquantized": 0.1909178687743871}, "mbpp": {"unquantized": 0.2596087055999865}}}